{"gpt-4o-mini": {"A_inv": [[0.11777528959529651, 0.24754332314296376, -0.31220052775201146], [0.24754332314296376, 3.8212687602326323, -2.4632691462185714], [-0.31220052775201146, -2.4632691462185714, 2.061984346351476]], "b": [15.921971202319023, 2.1819049200869634, 4.923340081333513]}, "gpt-4o": {"A_inv": [[0.11777528959529651, 0.24754332314296376, -0.31220052775201146], [0.24754332314296376, 3.8212687602326323, -2.4632691462185714], [-0.31220052775201146, -2.4632691462185714, 2.061984346351476]], "b": [16.29673268454918, 2.243841475670594, 5.106056945348152]}, "o4-mini-deep-research-2025-06-26": {"A_inv": [[60.01701009667121, -28.207999376798465, -39.98298990332879], [-28.207999376798465, 80.09925643966868, -28.207999376798465], [-39.98298990332879, -28.207999376798465, 60.01701009667121]], "b": [2.5200000000000005, 1.77786, 2.5200000000000005]}, "gpt-5": {"A_inv": [[60.01701009667121, -28.207999376798465, -39.98298990332879], [-28.207999376798465, 80.09925643966868, -28.207999376798465], [-39.98298990332879, -28.207999376798465, 60.01701009667121]], "b": [2.6000000000000005, 1.8343000000000003, 2.6000000000000005]}, "gpt-4.1": {"A_inv": [[60.01701009667121, -28.207999376798465, -39.98298990332879], [-28.207999376798465, 80.09925643966868, -28.207999376798465], [-39.98298990332879, -28.207999376798465, 60.01701009667121]], "b": [2.4960000000000004, 1.7609280000000003, 2.4960000000000004]}}