{"version": 1, "d": 3, "arms": {"gpt-4o-mini": {"A_inv": [[0.07750077229340216, 0.20472698237696083, -0.24156489236349782], [0.20472698237696083, 3.7757501752959417, -2.388175522815282], [-0.24156489236349782, -2.388175522815282, 1.9380997334251693]], "b": [21.962639130015074, 2.4084299673755645, 5.648220232657038]}, "gpt-4o": {"A_inv": [[0.07750077229340216, 0.20472698237696083, -0.24156489236349782], [0.20472698237696083, 3.7757501752959417, -2.388175522815282], [-0.24156489236349782, -2.388175522815282, 1.9380997334251693]], "b": [22.259536809689205, 2.467446630363345, 5.821593440364954]}, "o4-mini-deep-research-2025-06-26": {"A_inv": [[60.01701009667121, -28.207999376798465, -39.98298990332879], [-28.207999376798465, 80.09925643966868, -28.207999376798465], [-39.98298990332879, -28.207999376798465, 60.01701009667121]], "b": [2.5200000000000005, 1.77786, 2.5200000000000005]}, "gpt-5": {"A_inv": [[60.01701009667121, -28.207999376798465, -39.98298990332879], [-28.207999376798465, 80.09925643966868, -28.207999376798465], [-39.98298990332879, -28.207999376798465, 60.01701009667121]], "b": [2.6000000000000005, 1.8343000000000003, 2.6000000000000005]}, "gpt-4.1": {"A_inv": [[60.01701009667121, -28.207999376798465, -39.98298990332879], [-28.207999376798465, 80.09925643966868, -28.207999376798465], [-39.98298990332879, -28.207999376798465, 60.01701009667121]], "b": [2.4960000000000004, 1.7609280000000003, 2.4960000000000004]}}}