{"version": 1, "d": 3, "arms": {"gpt-4o-mini": {"A_inv": [[0.07172448562651887, 0.19858614010596576, -0.2314341271492786], [0.19858614010596576, 3.7692217694234564, -2.3774053801868567], [-0.2314341271492786, -2.3774053801868567, 1.9203318472823212]], "b": [23.362639130015072, 2.4609299673755647, 5.816220232657038]}, "gpt-4o": {"A_inv": [[0.07172448562651887, 0.19858614010596576, -0.2314341271492786], [0.19858614010596576, 3.7692217694234564, -2.3774053801868567], [-0.2314341271492786, -2.3774053801868567, 1.9203318472823212]], "b": [23.659536809689204, 2.519946630363345, 5.9895934403649544]}, "o4-mini-deep-research-2025-06-26": {"A_inv": [[60.01701009667121, -28.207999376798465, -39.98298990332879], [-28.207999376798465, 80.09925643966868, -28.207999376798465], [-39.98298990332879, -28.207999376798465, 60.01701009667121]], "b": [2.5200000000000005, 1.77786, 2.5200000000000005]}, "gpt-5": {"A_inv": [[60.01701009667121, -28.207999376798465, -39.98298990332879], [-28.207999376798465, 80.09925643966868, -28.207999376798465], [-39.98298990332879, -28.207999376798465, 60.01701009667121]], "b": [2.6000000000000005, 1.8343000000000003, 2.6000000000000005]}, "gpt-4.1": {"A_inv": [[60.01701009667121, -28.207999376798465, -39.98298990332879], [-28.207999376798465, 80.09925643966868, -28.207999376798465], [-39.98298990332879, -28.207999376798465, 60.01701009667121]], "b": [2.4960000000000004, 1.7609280000000003, 2.4960000000000004]}}}