{"gpt-4o-mini": {"A_inv": [[0.10379833154869325, 0.2326842450288893, -0.287686979767813], [0.2326842450288893, 3.805471889292333, -2.4372084881600866], [-0.287686979767813, -2.4372084881600866, 2.0189911547879054]], "b": [17.681971202319026, 2.247904920086963, 5.134540081333514]}, "gpt-4o": {"A_inv": [[0.10379833154869325, 0.2326842450288893, -0.287686979767813], [0.2326842450288893, 3.805471889292333, -2.4372084881600866], [-0.287686979767813, -2.4372084881600866, 2.0189911547879054]], "b": [18.056732684549182, 2.309841475670594, 5.317256945348152]}, "o4-mini-deep-research-2025-06-26": {"A_inv": [[60.01701009667121, -28.207999376798465, -39.98298990332879], [-28.207999376798465, 80.09925643966868, -28.207999376798465], [-39.98298990332879, -28.207999376798465, 60.01701009667121]], "b": [2.5200000000000005, 1.77786, 2.5200000000000005]}, "gpt-5": {"A_inv": [[60.01701009667121, -28.207999376798465, -39.98298990332879], [-28.207999376798465, 80.09925643966868, -28.207999376798465], [-39.98298990332879, -28.207999376798465, 60.01701009667121]], "b": [2.6000000000000005, 1.8343000000000003, 2.6000000000000005]}, "gpt-4.1": {"A_inv": [[60.01701009667121, -28.207999376798465, -39.98298990332879], [-28.207999376798465, 80.09925643966868, -28.207999376798465], [-39.98298990332879, -28.207999376798465, 60.01701009667121]], "b": [2.4960000000000004, 1.7609280000000003, 2.4960000000000004]}}