{"gpt-4o-mini": {"A_inv": [[0.3353596571592499, -3.7374240128565286, -0.5059811964159117], [-3.7374240128565286, 99.85984659951788, -0.018974294865596264], [-0.5059811964159117, -0.018974294865596264, 2.287872270022686]], "b": [10.086971202319022, 0.3782614200869633, 2.147840081333513]}, "gpt-4o": {"A_inv": [[0.3353596571592499, -3.7374240128565286, -0.5059811964159117], [-3.7374240128565286, 99.85984659951788, -0.018974294865596264], [-0.5059811964159117, -0.018974294865596264, 2.287872270022686]], "b": [10.63873268454918, 0.3989524756705941, 2.289856945348152]}}