{"o4-mini-deep-research-2025-06-26": {"A_inv": [[0.5001676842732858, -0.7554409847040631], [-0.7554409847040631, 1.5962746956369176]], "b": [5.4159999999999995, 2.574188]}, "gpt-4o": {"A_inv": [[0.49929234838262465, -0.7455460379181749], [-0.7455460379181749, 1.4844205229243286]], "b": [6.119999999999999, 3.12934]}, "gpt-4o-mini": {"A_inv": [[0.49929234838262465, -0.7455460379181749], [-0.7455460379181749, 1.4844205229243286]], "b": [6.279999999999999, 3.1714599999999997]}, "gpt-5": {"A_inv": [[0.5001676842732858, -0.7554409847040631], [-0.7554409847040631, 1.5962746956369176]], "b": [5.92, 2.78312]}, "gpt-4.1": {"A_inv": [[0.49929234838262465, -0.7455460379181749], [-0.7455460379181749, 1.4844205229243286]], "b": [6.52, 3.25942]}}