{"preview_latency_s":{"gpt-a":[0.003030212945304811,0.0015866929898038507,0.000975718954578042,0.0010605831630527973,0.0009644359815865755,0.001019917894154787,0.003378095105290413,0.0016900550108402967,0.000926885986700654,0.0008140248246490955,0.0008469019085168839,0.000874493969604373,0.0010889400728046894,0.0011144420132040977,0.0013979640789330006,0.0013652339112013578,0.0014487390872091055,0.002717728028073907,0.0009557569865137339,0.0022273981012403965,0.0012799478136003017,0.0006240729708224535,0.0006850960198789835],"gpt-b":[0.0013923950027674437,0.010767007013782859,0.0006183821242302656,0.0006352928467094898,0.0005256729200482368,0.0006146759260445833,0.0014536890666931868,0.0010999359656125307,0.000497553963214159,0.0004841259215027094,0.0005118008702993393,0.0005047139711678028,0.0006125639192759991,0.0006496249698102474,0.0009892189409583807,0.0008646140340715647,0.0008003260008990765,0.0015036100521683693,0.0005912999622523785,0.003753799945116043,0.0006963249761611223,0.0004781908355653286,0.0005541341379284859],"gpt-4o":[3.1322263528127223,2.578280332032591,2.559703452978283,3.4321670818608254,3.6434608660638332],"gpt-4o-mini":[2.9362976769916713,2.962932738941163,2.26757400482893,2.902911687036976,3.474174279952422]}}