{"version": 1, "d": 3, "arms": {"gpt-4o-mini": {"A_inv": [[0.08446454532307732, 0.2121302561845813, -0.2537783356424161], [0.2121302561845813, 3.783620687852431, -2.4011597864238694], [-0.2537783356424161, -2.4011597864238694, 1.9595203334492788]], "b": [20.632771658827842, 2.3585599372060435, 5.48863613611457]}, "gpt-4o": {"A_inv": [[0.08446454532307732, 0.2121302561845813, -0.2537783356424161], [0.2121302561845813, 3.783620687852431, -2.4011597864238694], [-0.2537783356424161, -2.4011597864238694, 1.9595203334492788]], "b": [21.059536809689202, 2.422446630363345, 5.677593440364954]}, "o4-mini-deep-research-2025-06-26": {"A_inv": [[60.01701009667121, -28.207999376798465, -39.98298990332879], [-28.207999376798465, 80.09925643966868, -28.207999376798465], [-39.98298990332879, -28.207999376798465, 60.01701009667121]], "b": [2.5200000000000005, 1.77786, 2.5200000000000005]}, "gpt-5": {"A_inv": [[60.01701009667121, -28.207999376798465, -39.98298990332879], [-28.207999376798465, 80.09925643966868, -28.207999376798465], [-39.98298990332879, -28.207999376798465, 60.01701009667121]], "b": [2.6000000000000005, 1.8343000000000003, 2.6000000000000005]}, "gpt-4.1": {"A_inv": [[60.01701009667121, -28.207999376798465, -39.98298990332879], [-28.207999376798465, 80.09925643966868, -28.207999376798465], [-39.98298990332879, -28.207999376798465, 60.01701009667121]], "b": [2.4960000000000004, 1.7609280000000003, 2.4960000000000004]}}}