{"gpt-4o-mini": {"A_inv": [[0.1264467676457613, 0.25676207941930906, -0.32740903682639133], [0.25676207941930906, 3.831069334804588, -2.479437501563227], [-0.32740903682639133, -2.479437501563227, 2.088657855402577]], "b": [15.025971202319022, 2.1483049200869635, 4.815820081333513]}, "gpt-4o": {"A_inv": [[0.1264467676457613, 0.25676207941930906, -0.32740903682639133], [0.25676207941930906, 3.831069334804588, -2.479437501563227], [-0.32740903682639133, -2.479437501563227, 2.088657855402577]], "b": [15.49673268454918, 2.2138414756705944, 5.010056945348152]}, "o4-mini-deep-research-2025-06-26": {"A_inv": [[60.01701009667121, -28.207999376798465, -39.98298990332879], [-28.207999376798465, 80.09925643966868, -28.207999376798465], [-39.98298990332879, -28.207999376798465, 60.01701009667121]], "b": [2.5200000000000005, 1.77786, 2.5200000000000005]}, "gpt-5": {"A_inv": [[60.01701009667121, -28.207999376798465, -39.98298990332879], [-28.207999376798465, 80.09925643966868, -28.207999376798465], [-39.98298990332879, -28.207999376798465, 60.01701009667121]], "b": [2.6000000000000005, 1.8343000000000003, 2.6000000000000005]}, "gpt-4.1": {"A_inv": [[60.01701009667121, -28.207999376798465, -39.98298990332879], [-28.207999376798465, 80.09925643966868, -28.207999376798465], [-39.98298990332879, -28.207999376798465, 60.01701009667121]], "b": [2.4960000000000004, 1.7609280000000003, 2.4960000000000004]}}